iso_time	gamemode_state	gamemode_raw	gpu_pstate	gpu_util_pct	gpu_mem_util_pct	gpu_temp_c	gpu_power_w	gpu_power_limit_w	gpu_clock_mhz	gpu_mem_clock_mhz	cpu_min_mhz	cpu_avg_mhz	cpu_max_mhz	cpu_governors	load1	mem_used_mb	mem_avail_mb	psi_cpu_some10	psi_mem_some10	psi_io_some10	proc_count	proc_pids
2026-05-29T17:24:26-03:00	ON	ERROR: ld.so: object '/home/hal/.local/share/Steam/ubuntu12_32/gameoverlayrenderer.so' from LD_PRELOAD cannot be preloaded (wrong ELF class: ELFCLASS32): ignored. gamemode is active 	P5	2	2	44	13.93	180.00	547	810	3534	4040	4425	performancex16	3.04	4395	11383	0.00	0.00	0.29
9	1080170,1081390,1305128,1305190,1305194,1305337,1305807,1305833,1305835							
2026-05-29T17:24:29-03:00	ON	ERROR: ld.so: object '/home/hal/.local/share/Steam/ubuntu12_32/gameoverlayrenderer.so' from LD_PRELOAD cannot be preloaded (wrong ELF class: ELFCLASS32): ignored. gamemode is active 	P0	0	0	45	16.95	180.00	1762	14001	3549	3936	4450	performancex16	3.04	4682	11095	0.00	0.00	0.19
15	1080170,1081390,1305128,1305190,1305194,1305337,1306250,1306347,1306483,1306516,1306634,1307536,1308365,1308969,1308971							
2026-05-29T17:24:31-03:00	ON	ERROR: ld.so: object '/home/hal/.local/share/Steam/ubuntu12_32/gameoverlayrenderer.so' from LD_PRELOAD cannot be preloaded (wrong ELF class: ELFCLASS32): ignored. gamemode is active 	P0	0	0	45	27.52	180.00	2685	14001	3580	3927	4500	performancex16	3.12	4924	10854	0.00	0.00	0.16
15	1080170,1081390,1305128,1305190,1305194,1305337,1306250,1306347,1306483,1306516,1306634,1307536,1308365,1311944,1311945							
2026-05-29T17:24:34-03:00	ON	ERROR: ld.so: object '/home/hal/.local/share/Steam/ubuntu12_32/gameoverlayrenderer.so' from LD_PRELOAD cannot be preloaded (wrong ELF class: ELFCLASS32): ignored. gamemode is active 	P3	1	0	44	22.72	180.00	817	14001	3576	4223	4475	performancex16	3.12	5321	10457	0.00	0.00	0.13
15	1080170,1081390,1305128,1305190,1305194,1305337,1306250,1306347,1306483,1306516,1306634,1307536,1308365,1314866,1314867							
2026-05-29T17:24:37-03:00	ON	ERROR: ld.so: object '/home/hal/.local/share/Steam/ubuntu12_32/gameoverlayrenderer.so' from LD_PRELOAD cannot be preloaded (wrong ELF class: ELFCLASS32): ignored. gamemode is active 	P0	0	0	45	25.58	180.00	2617	14001	3574	4095	4496	performancex16	3.11	5358	10420	0.00	0.00	0.08
15	1080170,1081390,1305128,1305190,1305194,1305337,1306250,1306347,1306483,1306516,1306634,1307536,1308365,1317868,1317869							
2026-05-29T17:24:39-03:00	ON	ERROR: ld.so: object '/home/hal/.local/share/Steam/ubuntu12_32/gameoverlayrenderer.so' from LD_PRELOAD cannot be preloaded (wrong ELF class: ELFCLASS32): ignored. gamemode is active 	P0	4	0	46	21.09	180.00	2640	14001	3551	4271	4450	performancex16	3.26	5218	10560	0.00	0.00	0.07
15	1080170,1081390,1305128,1305190,1305194,1305337,1306250,1306347,1306483,1306516,1306634,1307536,1308365,1320993,1320994							
2026-05-29T17:24:42-03:00	ON	ERROR: ld.so: object '/home/hal/.local/share/Steam/ubuntu12_32/gameoverlayrenderer.so' from LD_PRELOAD cannot be preloaded (wrong ELF class: ELFCLASS32): ignored. gamemode is active 	P0	5	1	46	27.95	180.00	2625	14001	4367	4374	4385	performancex16	3.26	6713	9064	0.18	0.36	0.24
15	1080170,1081390,1305128,1305190,1305194,1305337,1306250,1306347,1306483,1306516,1306634,1307536,1308365,1323714,1323716							
2026-05-29T17:24:45-03:00	ON	ERROR: ld.so: object '/home/hal/.local/share/Steam/ubuntu12_32/gameoverlayrenderer.so' from LD_PRELOAD cannot be preloaded (wrong ELF class: ELFCLASS32): ignored. gamemode is active 	P3	4	2	44	16.33	180.00	855	7001	4375	4387	4398	performancex16	3.72	7475	8303	0.26	0.39	0.16
15	1080170,1081390,1305128,1305190,1305194,1305337,1306250,1306347,1306483,1306516,1306634,1307536,1308365,1326407,1326408							
2026-05-29T17:24:48-03:00	ON	ERROR: ld.so: object '/home/hal/.local/share/Steam/ubuntu12_32/gameoverlayrenderer.so' from LD_PRELOAD cannot be preloaded (wrong ELF class: ELFCLASS32): ignored. gamemode is active 	P0	29	6	47	42.73	180.00	2490	14001	4398	4404	4412	performancex16	3.72	7422	8356	0.58	0.31	0.13
15	1080170,1081390,1305128,1305190,1305194,1305337,1306250,1306347,1306483,1306516,1306634,1307536,1308365,1329058,1329059							
2026-05-29T17:24:50-03:00	ON	ERROR: ld.so: object '/home/hal/.local/share/Steam/ubuntu12_32/gameoverlayrenderer.so' from LD_PRELOAD cannot be preloaded (wrong ELF class: ELFCLASS32): ignored. gamemode is active 	P0	30	6	48	45.00	180.00	2572	14001	4344	4363	4373	performancex16	3.74	7270	8507	1.19	0.21	0.08
15	1080170,1081390,1305128,1305190,1305194,1305337,1306250,1306347,1306483,1306516,1306634,1307536,1308365,1331819,1331820							
2026-05-29T17:24:53-03:00	ON	ERROR: ld.so: object '/home/hal/.local/share/Steam/ubuntu12_32/gameoverlayrenderer.so' from LD_PRELOAD cannot be preloaded (wrong ELF class: ELFCLASS32): ignored. gamemode is active 	P3	2	1	45	16.14	180.00	930	7001	3602	3951	4525	performancex16	3.74	7325	8453	1.16	0.35	0.07
15	1080170,1081390,1305128,1305190,1305194,1305337,1306250,1306347,1306483,1306516,1306634,1307536,1308365,1334798,1334800							
2026-05-29T17:24:56-03:00	ON	ERROR: ld.so: object '/home/hal/.local/share/Steam/ubuntu12_32/gameoverlayrenderer.so' from LD_PRELOAD cannot be preloaded (wrong ELF class: ELFCLASS32): ignored. gamemode is active 	P0	74	18	55	96.31	180.00	2775	14001	4371	4374	4375	performancex16	4.65	7440	8338	2.67	0.60	0.22
15	1080170,1081390,1305128,1305190,1305194,1305337,1306250,1306347,1306483,1306516,1306634,1307536,1308365,1337440,1337441							
2026-05-29T17:24:59-03:00	ON	ERROR: ld.so: object '/home/hal/.local/share/Steam/ubuntu12_32/gameoverlayrenderer.so' from LD_PRELOAD cannot be preloaded (wrong ELF class: ELFCLASS32): ignored. gamemode is active 	P0	2	0	48	32.93	180.00	2820	14001	3496	4154	4373	performancex16	5.15	7738	8039	2.91	0.49	0.36
15	1080170,1081390,1305128,1305190,1305194,1305337,1306250,1306347,1306483,1306516,1306634,1307536,1308365,1340174,1340175							
2026-05-29T17:25:02-03:00	ON	ERROR: ld.so: object '/home/hal/.local/share/Steam/ubuntu12_32/gameoverlayrenderer.so' from LD_PRELOAD cannot be preloaded (wrong ELF class: ELFCLASS32): ignored. gamemode is active 	P3	2	1	46	16.05	180.00	667	7001	3497	4142	4394	performancex16	5.15	7874	7904	2.10	0.32	0.24
15	1080170,1081390,1305128,1305190,1305194,1305337,1306250,1306347,1306483,1306516,1306634,1307536,1308365,1343173,1343174							
2026-05-29T17:25:05-03:00	ON	ERROR: ld.so: object '/home/hal/.local/share/Steam/ubuntu12_32/gameoverlayrenderer.so' from LD_PRELOAD cannot be preloaded (wrong ELF class: ELFCLASS32): ignored. gamemode is active 	P3	4	2	46	15.94	180.00	922	7001	3554	4129	4450	performancex16	5.06	7914	7864	1.90	0.26	0.20
15	1080170,1081390,1305128,1305190,1305194,1305337,1306250,1306347,1306483,1306516,1306634,1307536,1308365,1346175,1346176							
2026-05-29T17:25:08-03:00	ON	ERROR: ld.so: object '/home/hal/.local/share/Steam/ubuntu12_32/gameoverlayrenderer.so' from LD_PRELOAD cannot be preloaded (wrong ELF class: ELFCLASS32): ignored. gamemode is active 	P5	1	8	45	12.16	180.00	247	810	4324	4325	4325	performancex16	5.06	7477	8300	1.45	5.96	0.43
15	1080170,1081390,1305128,1305190,1305194,1305337,1306250,1306347,1306483,1306516,1306634,1307536,1308365,1349019,1349021							
2026-05-29T17:25:12-03:00	ON	ERROR: ld.so: object '/home/hal/.local/share/Steam/ubuntu12_32/gameoverlayrenderer.so' from LD_PRELOAD cannot be preloaded (wrong ELF class: ELFCLASS32): ignored. gamemode is active 	P0	73	13	54	104.00	180.00	2775	14001	4325	4325	4325	performancex16	5.54	7070	8707	3.91	7.91	0.28
15	1080170,1081390,1305128,1305190,1305194,1305337,1306250,1306347,1306483,1306516,1306634,1307536,1308365,1351384,1351385							
2026-05-29T17:25:15-03:00	ON	ERROR: ld.so: object '/home/hal/.local/share/Steam/ubuntu12_32/gameoverlayrenderer.so' from LD_PRELOAD cannot be preloaded (wrong ELF class: ELFCLASS32): ignored. gamemode is active 	P0	60	11	56	97.85	180.00	2782	14001	4322	4324	4325	performancex16	5.73	6666	9111	7.53	8.11	0.23
15	1080170,1081390,1305128,1305190,1305194,1305337,1306250,1306347,1306483,1306516,1306634,1307536,1308365,1353747,1353748							
2026-05-29T17:25:19-03:00	ON	ERROR: ld.so: object '/home/hal/.local/share/Steam/ubuntu12_32/gameoverlayrenderer.so' from LD_PRELOAD cannot be preloaded (wrong ELF class: ELFCLASS32): ignored. gamemode is active 	P0	48	13	56	91.31	180.00	2775	14001	4322	4324	4325	performancex16	5.73	6230	9548	9.81	9.28	0.15
15	1080170,1081390,1305128,1305190,1305194,1305337,1306250,1306347,1306483,1306516,1306634,1307536,1308365,1356149,1356150							
2026-05-29T17:25:22-03:00	ON	ERROR: ld.so: object '/home/hal/.local/share/Steam/ubuntu12_32/gameoverlayrenderer.so' from LD_PRELOAD cannot be preloaded (wrong ELF class: ELFCLASS32): ignored. gamemode is active 	P0	58	11	58	102.57	180.00	2775	14001	4349	4350	4350	performancex16	7.04	5930	9848	11.70	9.74	0.10
15	1080170,1081390,1305128,1305190,1305194,1305337,1306250,1306347,1306483,1306516,1306634,1307536,1308365,1358552,1358553							
2026-05-29T17:25:26-03:00	ON	ERROR: ld.so: object '/home/hal/.local/share/Steam/ubuntu12_32/gameoverlayrenderer.so' from LD_PRELOAD cannot be preloaded (wrong ELF class: ELFCLASS32): ignored. gamemode is active 	P0	26	6	57	94.75	180.00	2775	14001	4349	4350	4350	performancex16	7.35	6017	9760	11.93	8.16	0.08
15	1080170,1081390,1305128,1305190,1305194,1305337,1306250,1306347,1306483,1306516,1306634,1307536,1308365,1361113,1361115							
2026-05-29T17:25:29-03:00	ON	ERROR: ld.so: object '/home/hal/.local/share/Steam/ubuntu12_32/gameoverlayrenderer.so' from LD_PRELOAD cannot be preloaded (wrong ELF class: ELFCLASS32): ignored. gamemode is active 	P0	69	18	61	114.15	180.00	2752	14001	4399	4400	4401	performancex16	8.13	6042	9735	12.10	5.47	0.23
15	1080170,1081390,1305128,1305190,1305194,1305337,1306250,1306347,1306483,1306516,1306634,1307536,1308365,1363777,1363779							
2026-05-29T17:25:33-03:00	ON	ERROR: ld.so: object '/home/hal/.local/share/Steam/ubuntu12_32/gameoverlayrenderer.so' from LD_PRELOAD cannot be preloaded (wrong ELF class: ELFCLASS32): ignored. gamemode is active 	P0	64	15	61	108.63	180.00	2760	14001	4349	4350	4350	performancex16	8.13	6034	9744	12.40	3.66	0.15
15	1080170,1081390,1305128,1305190,1305194,1305337,1306250,1306347,1306483,1306516,1306634,1307536,1308365,1366405,1366406							
2026-05-29T17:25:36-03:00	ON	ERROR: ld.so: object '/home/hal/.local/share/Steam/ubuntu12_32/gameoverlayrenderer.so' from LD_PRELOAD cannot be preloaded (wrong ELF class: ELFCLASS32): ignored. gamemode is active 	P0	42	11	61	93.93	180.00	2775	14001	4374	4375	4375	performancex16	8.04	6029	9749	12.23	2.60	0.10
15	1080170,1081390,1305128,1305190,1305194,1305337,1306250,1306347,1306483,1306516,1306634,1307536,1308365,1369147,1369149							
2026-05-29T17:25:40-03:00	ON	ERROR: ld.so: object '/home/hal/.local/share/Steam/ubuntu12_32/gameoverlayrenderer.so' from LD_PRELOAD cannot be preloaded (wrong ELF class: ELFCLASS32): ignored. gamemode is active 	P0	66	16	63	113.93	180.00	2760	14001	4349	4349	4350	performancex16	7.95	6066	9712	11.83	1.74	0.07
15	1080170,1081390,1305128,1305190,1305194,1305337,1306250,1306347,1306483,1306516,1306634,1307536,1308365,1372002,1372004							
2026-05-29T17:25:43-03:00	ON	ERROR: ld.so: object '/home/hal/.local/share/Steam/ubuntu12_32/gameoverlayrenderer.so' from LD_PRELOAD cannot be preloaded (wrong ELF class: ELFCLASS32): ignored. gamemode is active 	P0	67	17	64	116.76	180.00	2760	14001	4323	4324	4325	performancex16	7.95	6062	9715	11.88	1.43	0.05
15	1080170,1081390,1305128,1305190,1305194,1305337,1306250,1306347,1306483,1306516,1306634,1307536,1308365,1374850,1374852							
2026-05-29T17:25:47-03:00	ON	ERROR: ld.so: object '/home/hal/.local/share/Steam/ubuntu12_32/gameoverlayrenderer.so' from LD_PRELOAD cannot be preloaded (wrong ELF class: ELFCLASS32): ignored. gamemode is active 	P0	78	21	64	121.14	180.00	2760	14001	4373	4374	4375	performancex16	7.88	6113	9665	11.89	0.95	0.03
15	1080170,1081390,1305128,1305190,1305194,1305337,1306250,1306347,1306483,1306516,1306634,1307536,1308365,1377765,1377766							
2026-05-29T17:25:51-03:00	ON	ERROR: ld.so: object '/home/hal/.local/share/Steam/ubuntu12_32/gameoverlayrenderer.so' from LD_PRELOAD cannot be preloaded (wrong ELF class: ELFCLASS32): ignored. gamemode is active 	P0	73	18	63	122.13	180.00	2760	14001	4324	4325	4325	performancex16	8.05	6079	9699	11.71	0.64	0.02
15	1080170,1081390,1305128,1305190,1305194,1305337,1306250,1306347,1306483,1306516,1306634,1307536,1308365,1380687,1380690							
2026-05-29T17:25:54-03:00	ON	ERROR: ld.so: object '/home/hal/.local/share/Steam/ubuntu12_32/gameoverlayrenderer.so' from LD_PRELOAD cannot be preloaded (wrong ELF class: ELFCLASS32): ignored. gamemode is active 	P0	79	21	63	124.81	180.00	2752	14001	4347	4349	4350	performancex16	9.00	6097	9680	11.62	0.43	0.01
15	1080170,1081390,1305128,1305190,1305194,1305337,1306250,1306347,1306483,1306516,1306634,1307536,1308365,1383708,1383709							
2026-05-29T17:25:58-03:00	ON	ERROR: ld.so: object '/home/hal/.local/share/Steam/ubuntu12_32/gameoverlayrenderer.so' from LD_PRELOAD cannot be preloaded (wrong ELF class: ELFCLASS32): ignored. gamemode is active 	P0	67	19	62	122.02	180.00	2752	14001	4348	4349	4350	performancex16	9.00	6201	9577	11.56	0.28	0.01
15	1080170,1081390,1305128,1305190,1305194,1305337,1306250,1306347,1306483,1306516,1306634,1307536,1308365,1386755,1386756							
2026-05-29T17:26:02-03:00	ON	ERROR: ld.so: object '/home/hal/.local/share/Steam/ubuntu12_32/gameoverlayrenderer.so' from LD_PRELOAD cannot be preloaded (wrong ELF class: ELFCLASS32): ignored. gamemode is active 	P0	61	16	61	120.24	180.00	2760	14001	4324	4325	4325	performancex16	9.08	6218	9559	11.38	0.19	0.00
15	1080170,1081390,1305128,1305190,1305194,1305337,1306250,1306347,1306483,1306516,1306634,1307536,1308365,1389842,1389843							
2026-05-29T17:26:06-03:00	ON	ERROR: ld.so: object '/home/hal/.local/share/Steam/ubuntu12_32/gameoverlayrenderer.so' from LD_PRELOAD cannot be preloaded (wrong ELF class: ELFCLASS32): ignored. gamemode is active 	P0	76	18	60	119.43	180.00	2760	14001	4299	4300	4300	performancex16	9.48	6461	9316	11.58	0.12	0.00
15	1080170,1081390,1305128,1305190,1305194,1305337,1306250,1306347,1306483,1306516,1306634,1307536,1308365,1392970,1392971							
2026-05-29T17:26:10-03:00	ON	ERROR: ld.so: object '/home/hal/.local/share/Steam/ubuntu12_32/gameoverlayrenderer.so' from LD_PRELOAD cannot be preloaded (wrong ELF class: ELFCLASS32): ignored. gamemode is active 	P0	78	18	61	121.45	180.00	2752	14001	4349	4350	4350	performancex16	8.96	6196	9582	11.39	0.08	0.00
15	1080170,1081390,1305128,1305190,1305194,1305337,1306250,1306347,1306483,1306516,1306634,1307536,1308365,1396146,1396147							
2026-05-29T17:26:14-03:00	ON	ERROR: ld.so: object '/home/hal/.local/share/Steam/ubuntu12_32/gameoverlayrenderer.so' from LD_PRELOAD cannot be preloaded (wrong ELF class: ELFCLASS32): ignored. gamemode is active 	P0	76	18	59	113.14	180.00	2767	14001	4299	4300	4300	performancex16	8.96	6202	9576	11.44	0.05	0.00
15	1080170,1081390,1305128,1305190,1305194,1305337,1306250,1306347,1306483,1306516,1306634,1307536,1308365,1399318,1399319							
2026-05-29T17:26:18-03:00	ON	ERROR: ld.so: object '/home/hal/.local/share/Steam/ubuntu12_32/gameoverlayrenderer.so' from LD_PRELOAD cannot be preloaded (wrong ELF class: ELFCLASS32): ignored. gamemode is active 	P0	80	20	58	117.18	180.00	2767	14001	4348	4350	4350	performancex16	8.96	6192	9586	11.62	0.03	0.00
15	1080170,1081390,1305128,1305190,1305194,1305337,1306250,1306347,1306483,1306516,1306634,1307536,1308365,1402473,1402475							
2026-05-29T17:26:22-03:00	ON	ERROR: ld.so: object '/home/hal/.local/share/Steam/ubuntu12_32/gameoverlayrenderer.so' from LD_PRELOAD cannot be preloaded (wrong ELF class: ELFCLASS32): ignored. gamemode is active 	P0	80	22	59	121.12	180.00	2767	14001	4324	4325	4325	performancex16	9.21	6206	9571	11.60	0.02	0.00
15	1080170,1081390,1305128,1305190,1305194,1305337,1306250,1306347,1306483,1306516,1306634,1307536,1308365,1405660,1405661							
2026-05-29T17:26:26-03:00	ON	ERROR: ld.so: object '/home/hal/.local/share/Steam/ubuntu12_32/gameoverlayrenderer.so' from LD_PRELOAD cannot be preloaded (wrong ELF class: ELFCLASS32): ignored. gamemode is active 	P0	77	19	58	120.25	180.00	2767	14001	4299	4300	4300	performancex16	8.95	6225	9553	11.40	0.01	0.00
15	1080170,1081390,1305128,1305190,1305194,1305337,1306250,1306347,1306483,1306516,1306634,1307536,1308365,1408949,1408950							
2026-05-29T17:26:30-03:00	ON	ERROR: ld.so: object '/home/hal/.local/share/Steam/ubuntu12_32/gameoverlayrenderer.so' from LD_PRELOAD cannot be preloaded (wrong ELF class: ELFCLASS32): ignored. gamemode is active 	P0	76	19	58	118.20	180.00	2767	14001	4273	4274	4275	performancex16	9.35	6159	9618	11.41	0.01	0.00
15	1080170,1081390,1305128,1305190,1305194,1305337,1306250,1306347,1306483,1306516,1306634,1307536,1308365,1412199,1412200							
2026-05-29T17:26:34-03:00	ON	ERROR: ld.so: object '/home/hal/.local/share/Steam/ubuntu12_32/gameoverlayrenderer.so' from LD_PRELOAD cannot be preloaded (wrong ELF class: ELFCLASS32): ignored. gamemode is active 	P0	81	20	58	119.83	180.00	2767	14001	4299	4300	4300	performancex16	10.29	6227	9550	11.42	0.00	0.00
15	1080170,1081390,1305128,1305190,1305194,1305337,1306250,1306347,1306483,1306516,1306634,1307536,1308365,1415493,1415494							
2026-05-29T17:26:38-03:00	ON	ERROR: ld.so: object '/home/hal/.local/share/Steam/ubuntu12_32/gameoverlayrenderer.so' from LD_PRELOAD cannot be preloaded (wrong ELF class: ELFCLASS32): ignored. gamemode is active 	P0	73	21	58	116.55	180.00	2767	14001	4349	4350	4350	performancex16	10.99	6236	9542	11.43	0.00	0.00
15	1080170,1081390,1305128,1305190,1305194,1305337,1306250,1306347,1306483,1306516,1306634,1307536,1308365,1418865,1418866							
2026-05-29T17:26:43-03:00	ON	ERROR: ld.so: object '/home/hal/.local/share/Steam/ubuntu12_32/gameoverlayrenderer.so' from LD_PRELOAD cannot be preloaded (wrong ELF class: ELFCLASS32): ignored. gamemode is active 	P0	75	20	57	122.41	180.00	2767	14001	4297	4299	4300	performancex16	10.99	6229	9549	11.29	0.00	0.00
15	1080170,1081390,1305128,1305190,1305194,1305337,1306250,1306347,1306483,1306516,1306634,1307536,1308365,1422257,1422258							
2026-05-29T17:26:47-03:00	ON	ERROR: ld.so: object '/home/hal/.local/share/Steam/ubuntu12_32/gameoverlayrenderer.so' from LD_PRELOAD cannot be preloaded (wrong ELF class: ELFCLASS32): ignored. gamemode is active 	P0	66	18	57	111.35	180.00	2775	14001	4309	4324	4340	performancex16	10.99	6201	9577	11.31	0.00	0.00
15	1080170,1081390,1305128,1305190,1305194,1305337,1306250,1306347,1306483,1306516,1306634,1307536,1308365,1425736,1425737							
2026-05-29T17:26:51-03:00	ON	ERROR: ld.so: object '/home/hal/.local/share/Steam/ubuntu12_32/gameoverlayrenderer.so' from LD_PRELOAD cannot be preloaded (wrong ELF class: ELFCLASS32): ignored. gamemode is active 	P0	62	19	56	98.69	180.00	2775	14001	4314	4320	4325	performancex16	10.43	6208	9570	11.17	0.00	0.00
15	1080170,1081390,1305128,1305190,1305194,1305337,1306250,1306347,1306483,1306516,1306634,1307536,1308365,1429198,1429199							
2026-05-29T17:26:56-03:00	ON	ERROR: ld.so: object '/home/hal/.local/share/Steam/ubuntu12_32/gameoverlayrenderer.so' from LD_PRELOAD cannot be preloaded (wrong ELF class: ELFCLASS32): ignored. gamemode is active 	P0	63	18	55	111.53	180.00	2775	14001	4249	4250	4250	performancex16	9.91	6216	9562	11.21	0.00	0.00
15	1080170,1081390,1305128,1305190,1305194,1305337,1306250,1306347,1306483,1306516,1306634,1307536,1308365,1432661,1432664							
2026-05-29T17:27:00-03:00	ON	ERROR: ld.so: object '/home/hal/.local/share/Steam/ubuntu12_32/gameoverlayrenderer.so' from LD_PRELOAD cannot be preloaded (wrong ELF class: ELFCLASS32): ignored. gamemode is active 	P0	63	17	55	107.89	180.00	2775	14001	4324	4325	4325	performancex16	10.00	6218	9559	11.14	0.00	0.00
15	1080170,1081390,1305128,1305190,1305194,1305337,1306250,1306347,1306483,1306516,1306634,1307536,1308365,1436185,1436186							
2026-05-29T17:27:04-03:00	ON	ERROR: ld.so: object '/home/hal/.local/share/Steam/ubuntu12_32/gameoverlayrenderer.so' from LD_PRELOAD cannot be preloaded (wrong ELF class: ELFCLASS32): ignored. gamemode is active 	P0	75	20	55	108.14	180.00	2775	14001	4279	4281	4283	performancex16	9.92	6168	9610	11.24	0.00	0.00
15	1080170,1081390,1305128,1305190,1305194,1305337,1306250,1306347,1306483,1306516,1306634,1307536,1308365,1439698,1439699							
2026-05-29T17:27:09-03:00	ON	ERROR: ld.so: object '/home/hal/.local/share/Steam/ubuntu12_32/gameoverlayrenderer.so' from LD_PRELOAD cannot be preloaded (wrong ELF class: ELFCLASS32): ignored. gamemode is active 	P0	57	16	54	99.06	180.00	2775	14001	3752	4280	4333	performancex16	9.61	6197	9581	11.28	0.00	0.00
15	1080170,1081390,1305128,1305190,1305194,1305337,1306250,1306347,1306483,1306516,1306634,1307536,1308365,1443338,1443339							
2026-05-29T17:27:13-03:00	ON	ERROR: ld.so: object '/home/hal/.local/share/Steam/ubuntu12_32/gameoverlayrenderer.so' from LD_PRELOAD cannot be preloaded (wrong ELF class: ELFCLASS32): ignored. gamemode is active 	P0	63	16	55	99.16	180.00	2782	14001	4274	4282	4294	performancex16	9.24	6227	9550	11.12	0.00	0.00
15	1080170,1081390,1305128,1305190,1305194,1305337,1306250,1306347,1306483,1306516,1306634,1307536,1308365,1446950,1446952							
2026-05-29T17:27:18-03:00	ON	ERROR: ld.so: object '/home/hal/.local/share/Steam/ubuntu12_32/gameoverlayrenderer.so' from LD_PRELOAD cannot be preloaded (wrong ELF class: ELFCLASS32): ignored. gamemode is active 	P0	46	12	53	101.26	180.00	2782	14001	4274	4274	4275	performancex16	9.24	6205	9572	11.26	0.00	0.00
15	1080170,1081390,1305128,1305190,1305194,1305337,1306250,1306347,1306483,1306516,1306634,1307536,1308365,1450480,1450481							
2026-05-29T17:27:23-03:00	ON	ERROR: ld.so: object '/home/hal/.local/share/Steam/ubuntu12_32/gameoverlayrenderer.so' from LD_PRELOAD cannot be preloaded (wrong ELF class: ELFCLASS32): ignored. gamemode is active 	P0	63	17	54	105.90	180.00	2775	14001	4277	4280	4288	performancex16	10.58	6259	9519	11.32	0.00	0.00
15	1080170,1081390,1305128,1305190,1305194,1305337,1306250,1306347,1306483,1306516,1306634,1307536,1308365,1454078,1454079							
2026-05-29T17:27:27-03:00	ON	ERROR: ld.so: object '/home/hal/.local/share/Steam/ubuntu12_32/gameoverlayrenderer.so' from LD_PRELOAD cannot be preloaded (wrong ELF class: ELFCLASS32): ignored. gamemode is active 	P0	70	18	54	114.65	180.00	2775	14001	4274	4275	4275	performancex16	11.81	6245	9532	11.42	0.00	0.00
15	1080170,1081390,1305128,1305190,1305194,1305337,1306250,1306347,1306483,1306516,1306634,1307536,1308365,1457789,1457791							
2026-05-29T17:27:32-03:00	ON	ERROR: ld.so: object '/home/hal/.local/share/Steam/ubuntu12_32/gameoverlayrenderer.so' from LD_PRELOAD cannot be preloaded (wrong ELF class: ELFCLASS32): ignored. gamemode is active 	P0	76	20	56	113.47	180.00	2775	14001	4272	4274	4275	performancex16	12.47	6364	9414	11.28	0.00	0.00
15	1080170,1081390,1305128,1305190,1305194,1305337,1306250,1306347,1306483,1306516,1306634,1307536,1308365,1461574,1461575							
2026-05-29T17:27:37-03:00	ON	ERROR: ld.so: object '/home/hal/.local/share/Steam/ubuntu12_32/gameoverlayrenderer.so' from LD_PRELOAD cannot be preloaded (wrong ELF class: ELFCLASS32): ignored. gamemode is active 	P0	56	18	53	97.41	180.00	2775	14001	4300	4300	4300	performancex16	11.71	6262	9516	11.00	0.00	0.00
15	1080170,1081390,1305128,1305190,1305194,1305337,1306250,1306347,1306483,1306516,1306634,1307536,1308365,1465350,1465351							
2026-05-29T17:27:41-03:00	ON	ERROR: ld.so: object '/home/hal/.local/share/Steam/ubuntu12_32/gameoverlayrenderer.so' from LD_PRELOAD cannot be preloaded (wrong ELF class: ELFCLASS32): ignored. gamemode is active 	P0	64	19	54	102.67	180.00	2782	14001	4269	4274	4275	performancex16	11.41	6230	9548	11.15	0.00	0.00
15	1080170,1081390,1305128,1305190,1305194,1305337,1306250,1306347,1306483,1306516,1306634,1307536,1308365,1469120,1469121							
2026-05-29T17:27:46-03:00	ON	ERROR: ld.so: object '/home/hal/.local/share/Steam/ubuntu12_32/gameoverlayrenderer.so' from LD_PRELOAD cannot be preloaded (wrong ELF class: ELFCLASS32): ignored. gamemode is active 	P0	43	13	54	104.69	180.00	2775	14001	4299	4304	4338	performancex16	11.06	6225	9552	11.25	0.00	0.00
15	1080170,1081390,1305128,1305190,1305194,1305337,1306250,1306347,1306483,1306516,1306634,1307536,1308365,1472873,1472874							
2026-05-29T17:27:51-03:00	ON	ERROR: ld.so: object '/home/hal/.local/share/Steam/ubuntu12_32/gameoverlayrenderer.so' from LD_PRELOAD cannot be preloaded (wrong ELF class: ELFCLASS32): ignored. gamemode is active 	P0	66	20	54	103.96	180.00	2775	14001	4275	4287	4293	performancex16	12.02	6150	9627	11.64	0.29	0.00
15	1080170,1081390,1305128,1305190,1305194,1305337,1306250,1306347,1306483,1306516,1306634,1307536,1308365,1476582,1476583							
2026-05-29T17:27:56-03:00	ON	ERROR: ld.so: object '/home/hal/.local/share/Steam/ubuntu12_32/gameoverlayrenderer.so' from LD_PRELOAD cannot be preloaded (wrong ELF class: ELFCLASS32): ignored. gamemode is active 	P0	70	18	54	104.90	180.00	2775	14001	4274	4275	4275	performancex16	11.54	6418	9360	11.65	0.19	0.00
15	1080170,1081390,1305128,1305190,1305194,1305337,1306250,1306347,1306483,1306516,1306634,1307536,1308365,1480384,1480385							
2026-05-29T17:28:01-03:00	ON	ERROR: ld.so: object '/home/hal/.local/share/Steam/ubuntu12_32/gameoverlayrenderer.so' from LD_PRELOAD cannot be preloaded (wrong ELF class: ELFCLASS32): ignored. gamemode is active 	P0	68	16	53	105.10	180.00	2775	14001	4244	4248	4250	performancex16	11.01	6376	9402	11.26	0.83	0.00
15	1080170,1081390,1305128,1305190,1305194,1305337,1306250,1306347,1306483,1306516,1306634,1307536,1308365,1484142,1484143							
2026-05-29T17:28:06-03:00	ON	ERROR: ld.so: object '/home/hal/.local/share/Steam/ubuntu12_32/gameoverlayrenderer.so' from LD_PRELOAD cannot be preloaded (wrong ELF class: ELFCLASS32): ignored. gamemode is active 	P0	54	14	53	96.78	180.00	2782	14001	4284	4322	4325	performancex16	11.57	5917	9860	11.56	1.44	0.00
15	1080170,1081390,1305128,1305190,1305194,1305337,1306250,1306347,1306483,1306516,1306634,1307536,1308365,1487929,1487930							
2026-05-29T17:28:11-03:00	ON	ERROR: ld.so: object '/home/hal/.local/share/Steam/ubuntu12_32/gameoverlayrenderer.so' from LD_PRELOAD cannot be preloaded (wrong ELF class: ELFCLASS32): ignored. gamemode is active 	P0	50	13	52	95.91	180.00	2775	14001	4299	4320	4343	performancex16	11.29	5903	9875	11.19	1.11	0.00
15	1080170,1081390,1305128,1305190,1305194,1305337,1306250,1306347,1306483,1306516,1306634,1307536,1308365,1491812,1491813							
2026-05-29T17:28:16-03:00	ON	ERROR: ld.so: object '/home/hal/.local/share/Steam/ubuntu12_32/gameoverlayrenderer.so' from LD_PRELOAD cannot be preloaded (wrong ELF class: ELFCLASS32): ignored. gamemode is active 	P0	68	14	54	114.97	180.00	2760	14001	4273	4275	4275	performancex16	11.34	5906	9871	11.22	1.00	0.00
15	1080170,1081390,1305128,1305190,1305194,1305337,1306250,1306347,1306483,1306516,1306634,1307536,1308365,1495704,1495707							
2026-05-29T17:28:21-03:00	ON	ERROR: ld.so: object '/home/hal/.local/share/Steam/ubuntu12_32/gameoverlayrenderer.so' from LD_PRELOAD cannot be preloaded (wrong ELF class: ELFCLASS32): ignored. gamemode is active 	P0	68	18	53	113.48	180.00	2767	14001	4274	4275	4275	performancex16	11.96	5909	9869	10.97	0.55	0.00
15	1080170,1081390,1305128,1305190,1305194,1305337,1306250,1306347,1306483,1306516,1306634,1307536,1308365,1499699,1499700							
2026-05-29T17:28:26-03:00	ON	ERROR: ld.so: object '/home/hal/.local/share/Steam/ubuntu12_32/gameoverlayrenderer.so' from LD_PRELOAD cannot be preloaded (wrong ELF class: ELFCLASS32): ignored. gamemode is active 	P0	75	18	54	113.34	180.00	2775	14001	4270	4274	4275	performancex16	11.40	5935	9843	11.10	0.36	0.00
15	1080170,1081390,1305128,1305190,1305194,1305337,1306250,1306347,1306483,1306516,1306634,1307536,1308365,1503680,1503681							
2026-05-29T17:28:31-03:00	ON	ERROR: ld.so: object '/home/hal/.local/share/Steam/ubuntu12_32/gameoverlayrenderer.so' from LD_PRELOAD cannot be preloaded (wrong ELF class: ELFCLASS32): ignored. gamemode is active 	P0	73	22	53	117.68	180.00	2767	14001	4299	4300	4300	performancex16	11.29	5930	9848	11.21	0.20	0.00
15	1080170,1081390,1305128,1305190,1305194,1305337,1306250,1306347,1306483,1306516,1306634,1307536,1308365,1507702,1507704							
2026-05-29T17:28:36-03:00	ON	ERROR: ld.so: object '/home/hal/.local/share/Steam/ubuntu12_32/gameoverlayrenderer.so' from LD_PRELOAD cannot be preloaded (wrong ELF class: ELFCLASS32): ignored. gamemode is active 	P0	73	22	54	117.83	180.00	2767	14001	4274	4275	4275	performancex16	11.74	5946	9831	11.29	0.13	0.00
15	1080170,1081390,1305128,1305190,1305194,1305337,1306250,1306347,1306483,1306516,1306634,1307536,1308365,1511760,1511761							
2026-05-29T17:28:41-03:00	ON	ERROR: ld.so: object '/home/hal/.local/share/Steam/ubuntu12_32/gameoverlayrenderer.so' from LD_PRELOAD cannot be preloaded (wrong ELF class: ELFCLASS32): ignored. gamemode is active 	P0	63	22	54	104.86	180.00	2775	14001	4274	4275	4275	performancex16	11.44	5933	9844	11.31	0.07	0.00
15	1080170,1081390,1305128,1305190,1305194,1305337,1306250,1306347,1306483,1306516,1306634,1307536,1308365,1515886,1515889							
2026-05-29T17:28:47-03:00	ON	ERROR: ld.so: object '/home/hal/.local/share/Steam/ubuntu12_32/gameoverlayrenderer.so' from LD_PRELOAD cannot be preloaded (wrong ELF class: ELFCLASS32): ignored. gamemode is active 	P0	53	18	52	93.87	180.00	2782	14001	4292	4296	4298	performancex16	11.01	5957	9821	11.20	0.03	0.00
15	1080170,1081390,1305128,1305190,1305194,1305337,1306250,1306347,1306483,1306516,1306634,1307536,1308365,1520103,1520104							
2026-05-29T17:28:52-03:00	ON	ERROR: ld.so: object '/home/hal/.local/share/Steam/ubuntu12_32/gameoverlayrenderer.so' from LD_PRELOAD cannot be preloaded (wrong ELF class: ELFCLASS32): ignored. gamemode is active 	P0	59	18	52	105.25	180.00	2775	14001	4313	4325	4342	performancex16	11.65	5920	9858	11.13	0.02	0.00
15	1080170,1081390,1305128,1305190,1305194,1305337,1306250,1306347,1306483,1306516,1306634,1307536,1308365,1524292,1524293							
2026-05-29T17:28:57-03:00	ON	ERROR: ld.so: object '/home/hal/.local/share/Steam/ubuntu12_32/gameoverlayrenderer.so' from LD_PRELOAD cannot be preloaded (wrong ELF class: ELFCLASS32): ignored. gamemode is active 	P0	62	18	53	102.90	180.00	2775	14001	4273	4274	4275	performancex16	12.80	5984	9794	11.22	0.01	0.00
15	1080170,1081390,1305128,1305190,1305194,1305337,1306250,1306347,1306483,1306516,1306634,1307536,1308365,1528566,1528567							
2026-05-29T17:29:03-03:00	ON	ERROR: ld.so: object '/home/hal/.local/share/Steam/ubuntu12_32/gameoverlayrenderer.so' from LD_PRELOAD cannot be preloaded (wrong ELF class: ELFCLASS32): ignored. gamemode is active 	P3	3	1	44	20.19	180.00	667	7001	3515	4123	4403	performancex16	12.73	4111	11667	8.56	0.00	0.47
6	1080170,1081390,1305128,1305190,1533715,1533719							
